Partner Name,American Express MIDs,MasterCard MIDs,Visa MIDs,"Address (Building Name/Number Street)",Postcode,Town/City,County/State,Country,Action,Scheme,Scheme ID
PizzaExpress,9421346362,5403068,5403068,29 Wardour Street Soho London,W1D 6PS,London,,,A,avios,133
PizzaExpress,9421401878,5402821,5402821,30 Coptic Street Bloosbury London,WC1A 1NS,London,,,A,avios,133
PizzaExpress,9421399528,5409958,5409958,363 Fulham Road Chelsea London,SW10 9TN,London,,,A,avios,133
PizzaExpress,9421346289,5413679,5413679,137 Notting Hill Gate London,W11 3LB,London,,,A,avios,133
PizzaExpress,9421164252,5409594,5409594,10 Dean Street Soho London,W1D 3RW,London,,,A,avios,133
PizzaExpress,9421038316,5402888,5402888,80 Fore Street Hertford Hertfordshire,SG14 1BY,Hertford,,,A,avios,133
PizzaExpress,9421346347,5409966,5409966,230-236 Lavender Hill Battersea London,SW11 1LE,Clapham,,,A,avios,133
PizzaExpress,9421143785,5403266,5403266,11 Waldegrave Road Teddington,TW11 8LA,Teddington,,,A,avios,133
PizzaExpress,9421108366,5413505,5413505,32 Earl Street Maidstone Kent,ME14 1PF,Maidstone,,,A,avios,133
PizzaExpress,9421189440,5413240,5413240,40 Abbeygate Street Bury St Edmunds Suffolk,IP33 1LW,Bury St Edmunds,,,A,avios,133
PizzaExpress,9421039363,5413661,5413661,30 High Street Highgate London,N6 5JG,Highgate,,,A,avios,133
PizzaExpress,9421397050,5403126,5403126,895-896 Fulham Road Fulham London,SW6 5HU,London,,,A,avios,133
PizzaExpress,9421423369,5410550,5410550,The Golden Cross 8 Golden Cross Cornmarket Street Oxford,OX1 3EX,Oxford,,,A,avios,133
PizzaExpress,9421516659,5409974,5409974,46-54 Battersea Bridge Road Battersea London,SW11 3AG,Battersea,,,A,avios,133
PizzaExpress,9421039157,5409784,5409784,76 High Road South Woodford London,E18 2NA,South Woodford,,,A,avios,133
PizzaExpress,9421539594,5402854,5402854,7a Jesus Lane Cambridge,CB5 8BA,Cambridge,,,A,avios,133
PizzaExpress,9421039462,5413554,5413554,146/148 High Street Sevenoaks Kent,TN13 1XE,Sevenoaks,,,A,avios,133
PizzaExpress,9421415951,5403191,5403191,84 High Street Wimbledon London,SW19 5EG,Wimbledon Village,,,A,avios,133
PizzaExpress,9421415969,5403233,5403233,41 High Street Kingston upon Thames Surrey,KT1 1LQ,Kingston,,,A,avios,133
PizzaExpress,9421399304,5410204,5410204,22 Prince Albert Street The Lanes Brighton,BN1 1HF,Brighton,,,A,avios,133
PizzaExpress,9421399320,5409834,5409834,189 High Street Beckenham,BR3 1AH,Beckenham,,,A,avios,133
PizzaExpress,9421415985,5409875,5409875,15 Widmore Road Bromley Kent,BR1 1RL,Bromley,,,A,avios,133
PizzaExpress,9421327008,5413174,5413174,PE Croydon,,Croydon,,,A,avios,133
PizzaExpress,9421485038,5410337,5410337,31 Berkeley Square Bristol Avon,BS8 1HP,Bristol,,,A,avios,133
PizzaExpress,9421523960,5410311,5410311,1 Barton Street Bath Avon,BA1 1HG,Bath,,,A,avios,133
PizzaExpress,9421523267,5413158,5413158,The White House Winchester Road Basingstoke Hampshire,RG22 6HL,Basingstoke,,,A,avios,133
PizzaExpress,9421656935,5403241,5403241,Lion House Red Lion Street Richmond,TW9 1RE,Richmond,,,A,avios,133
PizzaExpress,9421453499,5409610,5409610,52 Park Street Camberley Surrey,GU15 3PT,Camberley ,,,A,avios,133
PizzaExpress,9421452053,5410220,5410220,27 South Street Chichester West Sussex,PO19 1EL,Chichester,,,A,avios,133
PizzaExpress,9421505462,5403415,5403415,151 Queen Street Glasgow,G1 3BJ,Glasgow,,,A,avios,133
PizzaExpress,9421505470,5413992,5413992,20 King Street Nottingham,NG1 2AS,Nottingham,,,A,avios,133
PizzaExpress,9421505488,5410451,5410451,Belgrave House Imperial Square Cheltenham Gloucestershire,GL50 1QB,Cheltenham,,,A,avios,133
PizzaExpress,9421458712,5413455,5413455,4 Best Lane Canterbury Kent,CT1 2JB,Canterbury,,,A,avios,133
PizzaExpress,9421638933,5403175,5403175,539-541 Old York Road Wandsworth Town London,SW18 1TG,Wandsworth,,,A,avios,133
PizzaExpress,9421359886,5402953,5402953,21-22 Barrett Street St Christophers Place London,W1U 1BF,London,,,A,avios,133
PizzaExpress,9421597790,5413208,5413208,50 Blue Boar Row Salisbury Wiltshire,SP1 1DA,Salisbury,,,A,avios,133
PizzaExpress,9421039009,5414073,5414073,25-27 Bedford Street Belfast Northern Ireland,BT2 7EJ,Belfast,,,A,avios,133
PizzaExpress,9421435439,5402961,5402961,9-12 Bow Street Covent Garden London,WC2E 7AH,London,,,A,avios,133
PizzaExpress,9421584137,5410162,5410162,12/16 Clarence Street Staines Middlesex,TW18 4SP,Staines,,,A,avios,133
PizzaExpress,9421749466,5403274,5403274,21 York Street Twickenham Middlesex,TW1 3JZ,Twickenham,,,A,avios,133
PizzaExpress,9421435454,5413265,5413265,1 St Runwald Street Colchester Essex,CO1 1HP,Colchester,,,A,avios,133
PizzaExpress,9421597782,5409685,5409685,237-241 High Street Guildford Surrey,GU1 3BJ,Guildford ,,,A,avios,133
PizzaExpress,9421363938,5403167,5403167,34-36 Streatham High Road Streatham London,SW16 1DB,Streatham,,,A,avios,133
PizzaExpress,9421497983,5410766,5410766,River House 17 Museum Street York,YO1 7DJ,York,,,A,avios,133
PizzaExpress,9421007261,5402839,5402839,25 North Street Bishops Stortford Hertfordshire,CM23 2LD,Bishops Stortford,,,A,avios,133
PizzaExpress,9421189341,5413547,5413547,15 High Street Reigate Surrey,RH2 9AA,Reigate,,,A,avios,133
PizzaExpress,9421038654,5409719,5409719,111-115 New Zealand Avenue Walton on Thames Surrey,KT12 1QA,Walton on Thames,,,A,avios,133
PizzaExpress,9421038811,5409750,5409750,2 Silver Street Enfield Middlesex,EN1 3ED,Enfield,,,A,avios,133
PizzaExpress,9421363946,5409800,5409800,55 The Broadway Stanmore Middlesex,HA7 4DJ,Stanmore,,,A,avios,133
PizzaExpress,9421496969,5413315,5413315,15 St Benedict Street Norwich Norfolk,NR2 4PE,Norwich,,,A,avios,133
PizzaExpress,9421496977,5413257,5413257,219 Moulsham Street Chelmsford Essex,CM2 0LR,Chelmsford,,,A,avios,133
PizzaExpress,9421574187,5413711,5413711,194a Haverstock Hill Belsize Park London,NW3 2AJ,Belsize Park,,,A,avios,133
PizzaExpress,9421497546,5410816,5410816,23 Bond Street Ealing London,W5 5AS,Ealing,,,A,avios,133
PizzaExpress,9421364142,5410691,5410691,10 Dean Street Newcastle upon Tyne,NE1 1PG,Newcastle,,,A,avios,133
PizzaExpress,9421364324,5403480,5403480,22 St Peters Street Bedford Bedfordshire,MK40 2PN,Bedford,,,A,avios,133
PizzaExpress,9421364340,5402615,5402615,168 The Parade Royal Leamington Spa,CV32 4AE,Leamington Spa,,,A,avios,133
PizzaExpress,9421111725,5403084,5403084,20 Greek Street Soho London,W1D 4DU,London,,,A,avios,133
PizzaExpress,9421111766,5413836,5413836,4 Market Place Macclesfield Cheshire,SK10 1EX,Macclesfield,,,A,avios,133
PizzaExpress,9421111808,5413588,5413588,81 High Street Tunbridge Wells Kent,TN1 1YB,Tunbridge Wells,,,A,avios,133
PizzaExpress,9421111832,5403514,5403514,19 Market Place Hitchin Hertfordshire,SG5 1DT,Hitchin,,,A,avios,133
PizzaExpress,9421111691,5413703,5413703,133 Baker Street London,W1U 6SF,London,,,A,avios,133
PizzaExpress,9421111816,5409651,5409651,74 Castle Street Farnham Surrey,GU9 7LS,Farnham,,,A,avios,133
PizzaExpress,9421111774,5403100,5403100,43 Abbeville Road Clapham London,SW4 9JX,Clapham,,,A,avios,133
PizzaExpress,9421007303,5413778,5413778,125 Alban Gate London Wall London,EC2Y 5AS,London,,,A,avios,133
PizzaExpress,9421111782,5410618,5410618,5 Bath Road Old Town Swindon Wiltshire,SN1 4AS,Swindon,,,A,avios,133
PizzaExpress,9421004573,5402649,5402649,94/98 Chaseside Southgate London,N14 5PH,Southgate,,,A,avios,133
PizzaExpress,9421004581,5403613,5403613,7 Beauchamp Place Knightsbridge London,SW3 1NQ,London,,,A,avios,133
PizzaExpress,9421584061,5413000,5413000,4 The Citadel Corporation Street Birmingham,B4 6QB,Birmingham,,,A,avios,133
PizzaExpress,9421345273,5413018,5413018,The Waters Edge Brindley Place Broad Street Birmingham,B1 2HL,Birmingham,,,A,avios,133
PizzaExpress,9421387911,5402847,5402847,5 High Street Brentwood Essex,CM14 4RG,Brentwood,,,A,avios,133
PizzaExpress,9421004508,5413653,5413653,70 Heath Street Hampstead London,NW3 1DN,Hampstead,,,A,avios,133
PizzaExpress,9421004516,5410238,5410238,24 Cornfield Road Eastbourne East Sussex,BN21 4QH,Eastbourne  ,,,A,avios,133
PizzaExpress,9421004524,5410360,5410360,2 Broadgate Cathedral Yard Exeter Devon,EX1 1HJ,Exeter,,,A,avios,133
PizzaExpress,9421004607,5402656,5402656,33-35 High Street Pinner Middlesex,HA5 5PJ,Pinner,,,A,avios,133
PizzaExpress,9421004656,5413067,5413067,PE Milton Keynes 1 - Mid Boulevard,,Milton Keynes,,,A,avios,133
PizzaExpress,9421004664,5413059,5413059,4 King Street Leicester Leicestershire,LE1 6RJ,Leicester,,,A,avios,133
PizzaExpress,9421004599,5402987,5402987,7-9 Charlotte Street London,W1T 1RB,London,,,A,avios,133
PizzaExpress,9421038506,5402664,5402664,94 The Village Dulwich London,SE21 7AQ,Dulwich Village,,,A,avios,133
PizzaExpress,9421004615,5413893,5413893,1264 High Road Whetstone London,N20 9HH,Whetstone,,,A,avios,133
PizzaExpress,9421007279,5402979,5402979,23 Bruton Place Mayfair London,W1J 6ND,London,,,A,avios,133
PizzaExpress,9421007170,5410071,5410071,35 Market Place Market Place Henley on Thames Oxfordshire,RG9 2AA,Henley on Thames,,,A,avios,133
PizzaExpress,9421007162,5410063,5410063,14 London End Beaconsfield Buckinghamshire,HP9 2JH,Beaconsfield,,,A,avios,133
PizzaExpress,9421007212,5410428,5410428,9 Stert Street Abingdon Oxfordshire,OX14 3JF,Abingdon,,,A,avios,133
PizzaExpress,9421041104,5413935,5413935,269 High Street Lincoln Lincolnshire,LN2 1JG,Lincoln ,,,A,avios,133
PizzaExpress,9421138819,5413695,5413695,PE West End Lane,,Lincolnshire,,,A,avios,133
PizzaExpress,9421189507,5410097,5410097,48 High Street Marlow Buckinghamshire,SL7 1AW,Marlow,,,A,avios,133
PizzaExpress,9421195603,5413489,5413489,39 High Street East Grinstead West Sussex,RH19 3AF,East Grinstead,,,A,avios,133
PizzaExpress,9421039215,5413406,5413406,82 Clifton Street Lytham Lancashire,FY8 5EN,Lytham,,,A,avios,133
PizzaExpress,9421039629,5410188,5410188,25 Broad Street Wokingham Berkshire,RG40 1AU,Wokingham,,,A,avios,133
PizzaExpress,9421138454,5409842,5409842,163 Broadway Bexleyheath Kent,DA6 7ES,Bexleyheath,,,A,avios,133
PizzaExpress,N/A,5415898,5415898,85 Parkway Camden London,NW1 7PP,Camden,,,A,avios,133
PizzaExpress,9421191008,5402672,5402672,242-248 High Street Barney Hertfordshire,EN5 5TD,Barnet,,,A,avios,133
PizzaExpress,9421192022,5403498,5403498,350 High Street Berkhamsted Hertfordshire,HP4 1HT,Berkhamsted,,,A,avios,133
PizzaExpress,9421191644,5409859,5409859,235 High Street Dorking Surrey,RH4 1RT,Dorking,,,A,avios,133
PizzaExpress,9421191446,5409982,5409982,35 Earls Court Road Kensington London,W8 6ED,London,,,A,avios,133
PizzaExpress,9421187758,5410782,5410782,305 Upper Richmond Road West East Sheen London,SW14 8QS,East Sheen,,,A,avios,133
PizzaExpress,9421188038,5409867,5409867,8 South Street Epsom Surrey,KT18 7PF,Epsom,,,A,avios,133
PizzaExpress,9421188319,5410824,5410824,PE Harrow,,Harrow,,,A,avios,133
PizzaExpress,9421187667,5402680,5402680,335 Upper Street Islington London,N1 0PB,Islington,,,A,avios,133
PizzaExpress,9421187865,5410717,5410717,The White Cloth Hall Crown Street Leeds Yorkshire,LS2 7DA,Leeds,,,A,avios,133
PizzaExpress,9421187592,5413398,5413398,11/13 Victoria Street Liverpool Merseyside,L2 5QQ,Liverpool,,,A,avios,133
PizzaExpress,9421188145,5402698,5402698,281/283 High Road Loughton Essex,IG10 1AH,Loughton,,,A,avios,133
PizzaExpress,9421188376,5413943,5413943,PE Manchester 1 - South King St,,Manchester,,,A,avios,133
PizzaExpress,9421188947,5409768,5409768,92/94 The Broadway Mill Hill London,NW7 3TB,London,,,A,avios,133
PizzaExpress,9421188459,5413885,5413885,290 Muswell Hill Broadway Muswell Hill London,N10 2QR,Muswell Hill,,,A,avios,133
PizzaExpress,9421191099,5410147,5410147,56 St Mary+//0A4v/9AID//QCZ-s Butts Reading Berkshire,RG1 2LG,Reading,,,A,avios,133
PizzaExpress,9421191727,5402706,5402706,86 High Street Ruislip Middelesex,HA4 8LS,Ruislip,,,A,avios,133
PizzaExpress,9421191842,5402813,5402813,11/13 Verulam Road St Albans Hertfordshire,AL3 4DA,St Albans,,,A,avios,133
PizzaExpress,9421188590,5402714,5402714,7 Rockley Road Shepherds Bush London,W14 0DJ,Shepherds Bush,,,A,avios,133
PizzaExpress,9421191941,5410279,5410279,31/32 Oxford Street Southampton Hampshire,SO14 3DJ,Southampton,,,A,avios,133
PizzaExpress,9421188699,5413331,5413331,11 London Road Southend on Sea Essex,SS1 1PE,Southend On Sea,,,A,avios,133
PizzaExpress,9421190935,5403258,5403258,4 High Street Sutton Surrey,SM1 1HN,Sutton,,,A,avios,133
PizzaExpress,9421192212,5413794,5413794,PE Swiss Cottage,,Sutton,,,A,avios,133
PizzaExpress,9421191362,5402730,5402730,137 High Street Watford Hertfordshire,WD17 2ER,Watford,,,A,avios,133
PizzaExpress,9421188855,5413216,5413216,1 Bridge Street Winchester Hampshire,SO23 9BH,Winchester,,,A,avios,133
PizzaExpress,9421187931,5409735,5409735,65/67 Goldsworth Road Woking Surrey,GU21 6LJ,Woking,,,A,avios,133
PizzaExpress,9421191297,5410287,5410287,Stanford Cottage Warwick Street Worthing West Sussex,BN11 3EZ,Worthing,,,A,avios,133
PizzaExpress,9421188244,5413638,5413638,252 Chiswick High Road Chiswick London,W4 1PD,Chiswick,,,A,avios,133
PizzaExpress,9421188525,5403159,5403159,144 Upper Richmond Road Putney London,SW15 2SW,Putney,,,A,avios,133
PizzaExpress,9421138322,5409826,5409826,701-703 Green Lanes Winchmore Hill London,N21 3RS,Winchmore Hill,,,A,avios,133
PizzaExpress,9421195694,5403183,5403183,198 Trinity Road Wandsworth London,SW17 7HR,Wandsworth,,,A,avios,133
PizzaExpress,9421141326,5410170,5410170,7/8 Thames Street Windsor Berkshire,SL4 1PL,Windsor,,,A,avios,133
PizzaExpress,9421139403,5409776,5409776,114 Watling Street Radlett Hertfordshire,WD7 7AB,Radlett,,,A,avios,133
PizzaExpress,9421141979,5413026,5413026,10 Hay Lane Coventry West Midlands,CV1 5RF,Coventry,,,A,avios,133
PizzaExpress,9421195538,5413612,5413612,39 Abbey Road St Johns Wood London,NW8 0AA,St Johns Wood,,,A,avios,133
PizzaExpress,9421195769,5403373,5403373,32 Queensferry Street Edinburgh,EH2 4QS,Edinburgh,,,A,avios,133
PizzaExpress,9421928938,5410683,5410683,2 Albert Street Harrogate North Yorkshire,HG1 1JG,Harrogate,,,A,avios,133
PizzaExpress,9421152612,5409909,5409909,97 High Street Orpington Kent,BR6 0LF,Orpington,,,A,avios,133
PizzaExpress,9421152968,5402946,5402946,131-133 St Marys Lane Upminster Essex,RM14 2SH,Upminster,,,A,avios,133
PizzaExpress,9421152745,5410394,5410394,20 Bridge Street Taunton Somerset,TA1 1UB,Taunton,,,A,avios,133
PizzaExpress,9421152869,5413562,5413562,91 High Street Tonbridge Kent,TN9 1DR,Tonbridge,,,A,avios,133
PizzaExpress,9421152513,5403381,5403381,1 Deanhaugh Street Edinburgh,EH4 1LU,Edinburgh,,,A,avios,133
PizzaExpress,9421928995,5409818,5409818,Theatre Square Stratford East London,E15 1BX,Stratford,,,A,avios,133
PizzaExpress,9421929118,5403217,5403217,24 High Street Banstead Surrey,SM7 2LJ,Banstead,,,A,avios,133
PizzaExpress,9421929050,5410352,5410352,29-32 High Street Cardiff,CF10 1PU,Cardiff,,,A,avios,133
PizzaExpress,9421929324,5403589,5403589,The Pheasantry 152/154 Kings Road London,SW3 4UT,London,,,A,avios,133
PizzaExpress,9421929209,5409693,5409693,19-23 East Street Horsham West Sussex,RH12 1HH,Horsham,,,A,avios,133
PizzaExpress,9421928748,5409727,5409727,1 Monument Hill Weybridge Surrey,KT13 8RX,Weybridge,,,A,avios,133
PizzaExpress,9421928870,5413851,5413851,124 Devonshire Street Sheffield Yorkshire,S3 7SF,Sheffield,,,A,avios,133
PizzaExpress,9421928805,5409925,5409925,6 Elm Parade Sidcup Kent,DA14 6NF,Sidcup,,,A,avios,133
PizzaExpress,9421929381,5410725,5410725,Park House Park Square West Leeds Yorkshire,LS1 2PS,Leeds,,,A,avios,133
PizzaExpress,9421929696,5410196,5410196,33 High Street Arundel West Sussex,BN18 9AG,Arundel,,,A,avios,133
PizzaExpress,9421931163,5413810,5413810,83-85 High Street Cheadle Cheshire,SK8 1AA,Cheadle,,,A,avios,133
PizzaExpress,9421929787,5410402,5410402,16 The Strand Torquay Devon,TQ1 2AA,Torquay,,,A,avios,133
PizzaExpress,9421930165,5413430,5413430,26-28 Alderley Road Wilmslow Cheshire,SK9 1PL,Wilmslow,,,A,avios,133
PizzaExpress,9421929845,5410253,5410253,15 High Street Lewes East Sussex,BN7 2LN,Lewes,,,A,avios,133
PizzaExpress,9421930868,5403597,5403597,80-81 St Martins Lane Covent Garden London,WC2N 4AA,London,,,A,avios,133
PizzaExpress,9421930744,5410436,5410436,39 High Street Banbury Oxfordshire,OX16 5ET,Banbury,,,A,avios,133
PizzaExpress,9421930801,5409677,5409677,127-129 High Street Godalming Surrey,GU7 1AF,Godalming,,,A,avios,133
PizzaExpress,9421931106,5403043,5403043,7/9 St Bride Street London,EC4A 4AS,London,,,A,avios,133
PizzaExpress,9421931049,5403357,5403357,402-404 Union Street Aberdeen,AB10 1TQ,Aberdeen,,,A,avios,133
PizzaExpress,9421930926,5413497,5413497,22 The Broadway Haywards Heath,RH16 3AL,Haywards Heath,,,A,avios,133
PizzaExpress,9421931221,5413117,5413117,5-7 Birmingham Road Sutton Coldfield,B72 1QA ,Sutton Coldfield,,,A,avios,133
PizzaExpress,9421931767,5403571,5403571,PE Golden Square,,,,,A,avios,133
PizzaExpress,9421931825,5409990,5409990,The Cardamom Building 31 Shad Thames London,SE1 2YR,London,,,A,avios,133
PizzaExpress,9421928912,5403654,5403654,46 Moreton Street Pimlico London,SW1V 2PB,London,,,A,avios,133
PizzaExpress,9421928722,5414016,5414016,24-26 Goosegate Nottingham,NG1 1FF,Nottingham,,,A,avios,133
PizzaExpress,9421928789,5403399,5403399,23 Northbridge Edinburgh,EH1 1SB,Edinburgh,,,A,avios,133
PizzaExpress,9421928979,5403506,5403506,The Gate House 1-2 High Street Harpenden Hertfordshire,AL5 2TH,Harpenden,,,A,avios,133
PizzaExpress,9421928854,5409891,5409891,8 Royal Parade Chislehurst,BR7 6NR,Chislehurst,,,A,avios,133
PizzaExpress,9421929035,5413901,5413901,2 The Boulevard Crawley West Sussex,RH10 1XX,Crawley,,,A,avios,133
PizzaExpress,9421929092,5413927,5413927,95 Lapwing Lane West Didsbury Lancashire,M20 6UR,Didsbury,,,A,avios,133
PizzaExpress,9421929159,5403308,5403308,64-66 Tranquil Vale Black Heath London,SE3 0BN,Blackheath,,,A,avios,133
PizzaExpress,9421930983,5413034,5413034,25 Irongate Derby Derbyshire,DE1 3GL,Derby,,,A,avios,133
PizzaExpress,9421930751,5410642,5410642,37 North Bar Within Beverley Yorkshire,HU17 8BD,Beverley,,,A,avios,133
PizzaExpress,9421713934,5410584,5410584,5 Ely Street Stratford upon Avon,CV37 6LW,Stratford Upon Avon,,,A,avios,133
PizzaExpress,9421930637,5403423,5403423,436 Sauchiehall Street Glasgow,G2 3JD,Glasgow,,,A,avios,133
PizzaExpress,9421930819,5410246,5410246,107 Church Road Hove East Sussex,BN3 2AF,Hove,,,A,avios,133
PizzaExpress,9421931239,5410089,5410089,2-4 Bridge Street Maidenhead Berkshire,SL6 8BJ,Maidenhead,,,A,avios,133
PizzaExpress,9421931296,5413414,5413414,14-15 Winckley Street Preston,PR1 2AA,Preston,,,A,avios,133
PizzaExpress,9421713454,5410378,5410378,Pilgrims House 17 Derrys Cross Plymouth Devon,PL1 2SW,Plymouth,,,A,avios,133
PizzaExpress,9421864513,5410006,5410006,4 Borough High Street London Bridge London,SE1 9QQ,London,,,A,avios,133
PizzaExpress,9421928797,5403639,5403639,316 Kennington Road Kennington London,SE11 4LD,Kennington,,,A,avios,133
PizzaExpress,9421928730,5413463,5413463,10 Croydon Road Caterham Surrey,CR3 6QB,Caterham,,,A,avios,133
PizzaExpress,9421930694,5403662,5403662,85 Victoria Street London,SW1H 0HW,London,,,A,avios,133
PizzaExpress,9421713637,5403035,5403035,4-5 Langham Place London,W1B 3DG,London,,,A,avios,133
PizzaExpress,9421931171,5410675,5410675,64 Sadler Street Durham,DH1 3PG,Durham,,,A,avios,133
PizzaExpress,9421928581,5413281,5413281,24/26 Lloyds Avenue Ipswich Suffolk,IP1 3HD,Ipswich,,,A,avios,133
PizzaExpress,9421928672,5410659,5410659,1 Skinnergate Darlington County Durham,DL3 7NB,Darlington ,,,A,avios,133
PizzaExpress,9421713330,5403316,5403316,VWL013 The Village Bluewater Greenhithe Kent,DA9 9SE,Bluewater,,,A,avios,133
PizzaExpress,9421713579,5402748,5402748,450 Strand London,WC2R 0RG,London,,,A,avios,133
PizzaExpress,9421613241,5414040,5414040,1 Causeway  High Street Haslemere Surrey,GU27 2JZ,Haslemere,,,A,avios,133
PizzaExpress,9421713397,5409644,5409644,96-102 High Street Cranleigh Surrey,GU6 8AE,Cranleigh,,,A,avios,133
PizzaExpress,9421713819,5410386,5410386,40 Castle Street Swansea,SA1 1HZ,Swansea,,,A,avios,133
PizzaExpress,9421608456,5409941,5409941,3 High Street West Wickham Kent,BR4 0LP,West Wickham,,,A,avios,133
PizzaExpress,9421613126,5410774,5410774,14-15 Barnes High Street Barnes London,SW13 9LW,Barnes,,,A,avios,133
PizzaExpress,9421613068,5403464,5403464,12 Sycamore Road Amersham Buckinghamshire,HP6 5DR,Amersham,,,A,avios,133
PizzaExpress,9421608514,5415922,5415922,16/18 South Methven Street Perth Scotland,PH1 5PE,Perth,,,A,avios,133
PizzaExpress,9421608571,5403563,5403563,40 Howardsgate Welwyn Garden City Hertfordshire,AL8 6BJ,Welwyn Garden City,,,A,avios,133
PizzaExpress,9421864455,5402755,5402755,2-10 Regent Street Clifton Bristol,BS8 4HG,Bristol,,,A,avios,133
PizzaExpress,9421930579,5413356,5413356,142-144 Ashley Road Hale Cheshire,WA15 9SA,Hale,,,A,avios,133
PizzaExpress,9421643545,5413828,5413828,117a King Street Knutsford Cheshire,WA16 6EH,Knutsford,,,A,avios,133
PizzaExpress,9421656323,5413976,5413976,Town Wharf Neward Nottinghamshire,NG24 1EU,Newark,,,A,avios,133
PizzaExpress,9421643727,5413109,5413109,74 High Street Stourbridge West Midlands,DY8 1DX,Stourbridge,,,A,avios,133
PizzaExpress,9421653643,5413349,5413349,8-12 Wood Street Bolton Lancashire,BL1 1DY,Bolton,,,A,avios,133
PizzaExpress,9423995059,5413042,5413042,153-155 High Sreet Harborne Birmingham,B17 9QE,Harborne,,,A,avios,133
PizzaExpress,9421653700,5403027,5403027,99 High Holborn London,WC1V 6LF,London,,,A,avios,133
PizzaExpress,9421653528,5409701,5409701,16 London Road Sunningdale Berkshire,SL5 0DH,Sunningdale,,,A,avios,133
PizzaExpress,9421653767,5403332,5403332,4-6 Church Street Grenwich London,SE10 9BG,Greenwich,,,A,avios,133
PizzaExpress,9421653940,5410022,5410022,Unit 3 The White House 9c Belvedere Road London,SE1 8YP,London,,,A,avios,133
PizzaExpress,9421653825,5410030,5410030,49-51 Curtain Road London,EC2A 3PT,London,,,A,avios,133
PizzaExpress,9421658626,5413299,5413299,1 Saturday Market Place Kings Lynn Norfolk,PE30 5DQ,Kings Lynn,,,A,avios,133
PizzaExpress,9423995117,5402623,5402623,6 Derngate Northampton,NN1 1UB,Northampton,,,A,avios,133
PizzaExpress,9421656877,5410410,5410410,1 Boscawen Street The Coinage Hall Truro Cornwall,TR1 2QU,Truro,,,A,avios,133
PizzaExpress,9421699802,5413091,5413091,3 Market Square Stafford,ST16 2JH,Stafford,,,A,avios,133
PizzaExpress,9421657115,5403324,5403324,2nd Floor Cabot Place East Canary Wharf London,E14 4QT,Canary Wharf,,,A,avios,133
PizzaExpress,9421692922,5413539,5413539,52 Harbour Parade Ramsgate Kent,CT11 8LW,Ramsgate,,,A,avios,133
PizzaExpress,9421692864,5403472,5403472,58 Kingsbury Aylesbury Buckinghamshire,HP20 2JE,Aylesbury,,,A,avios,133
PizzaExpress,9421577008,5410469,5410469,29 Market Square Bicester Oxfordshire,OX26 6AG,Bicester,,,A,avios,133
PizzaExpress,9421577123,5403340,5403340,78-80 Wapping Lane Wapping London,E1W 2RT,Wapping,,,A,avios,133
PizzaExpress,9421658741,5403365,5403365,21 Lowther Street Carlisle Cumbria,CA3 8ES,Carlisle,,,A,avios,133
PizzaExpress,9421387713,5410733,5410733,96-98 Street Lane Leeds Yorkshire,LS8 2AL,Leeds,,,A,avios,133
PizzaExpress,9421658683,5413521,5413521,153-155 Station Road East Oxted Surrey,RH8 0QE,Oxted,,,A,avios,133
PizzaExpress,9421658808,5403209,5403209,104 The Broadway Wimbledon London,SW19 1RH,Wimbledon,,,A,avios,133
PizzaExpress,9421388109,5410709,5410709,125 High Street Gosforth Tyne and Wear,NE3 1NA,Gosforth,,,A,avios,133
PizzaExpress,9421393455,5410154,5410154,80 High Street Slough Berkshire,SL1 1EL,Slough,,,A,avios,133
PizzaExpress,9421393398,5403282,5403282,40 Stafford Road Wallington Surrey,SM6 9AA,Wallington,,,A,avios,133
PizzaExpress,9421393513,5410139,5410139,17 Market Place Newbury Berkshire,RG14 5AA,Newbury,,,A,avios,133
PizzaExpress,9421666710,5413950,5413950,56 Peter Street Manchester,M2 3NQ,Manchester,,,A,avios,133
PizzaExpress,9427683727,5410295,5410295,37 High Street Marlborough Wiltshire,SN8 1LW,Marlborough,,,A,avios,133
PizzaExpress,9427653084,5413075,5413075,55 Mardol Shrewsbury Shropshire,SY1 1PP,Shrewsbury,,,A,avios,133
PizzaExpress,9421666777,5403555,5403555,The Lodge 3 Church Street Luton Bedfordshire,LU1 3JE,Luton,,,A,avios,133
PizzaExpress,9421667775,5403449,5403449,2 McArthur Glen Designer Outlet Almondvale Livingston West Lothian,EH54 6QP,Livingston,,,A,avios,133
PizzaExpress,9428452437,5413737,5413737,Clifton House 93-99 Euston Road London,NW1 2RA,London,,,A,avios,133
PizzaExpress,9421667890,5413786,5413786,Salisbury House Finsbury Circus London,EC2M 5SQ,London,,,A,avios,133
PizzaExpress,9427683768,5410303,5410303,Gunwharf Quays North Promenade Portsmouth Hampshire,PO1 3TA,Portsmouth,,,A,avios,133
PizzaExpress,9428414361,5403605,5403605,147 Strand London,WC2R 1JA,London,,,A,avios,133
PizzaExpress,9427683750,5410345,5410345,35 Corn Street,BS1 1HT,Bristol,,,A,avios,133
PizzaExpress,9421668369,5410485,5410485,28 Castle Street Cirencester Gloucestershire,GL7 1QH,Cirencester,,,A,avios,133
PizzaExpress,9427683743,5413968,5413968,Unit 3A The Corn Exchange Exchange Square Manchester,M4 3TR,Manchester,,,A,avios,133
PizzaExpress,9427683784,5413646,5413646,PE Earls Court 2 - Expo Centre,,,,,A,avios,133
PizzaExpress,9428452387,5413190,5413190,960 Brighton Road Purley Surrey,CR8 2LP,Purley,,,A,avios,133
PizzaExpress,9427683701,5402763,5402763,222 High Street Uxbridge Middlesex,UB8 1LD,Uxbridge,,,A,avios,133
PizzaExpress,9423994995,5403290,5403290,87 Central Road Worcester Park Surrey,KT4 8HZ,Worcester Park,,,A,avios,133
PizzaExpress,9428414353,5402912,5402912,Unit FR1 The Brewery Romford Essex,RM1 1AU,Romford ,,,A,avios,133
PizzaExpress,9428452379,5403050,5403050,13-14 Thayer Street London,W1U 3JS,London,,,A,avios,133
PizzaExpress,9428452429,5410048,5410048,232-238 Bishopsgate London,EC2M 4QD,London,,,A,avios,133
PizzaExpress,9427503040,5413752,5413752,20-22 Leadenhall Market London,EC3V 1LR,London,,,A,avios,133
PizzaExpress,9428476717,5413224,5413224,Unit R1 Freeport Designer Village Charter Way Braintree Essex,CM77 8YH,Braintree,,,A,avios,133
PizzaExpress,9427502935,5402862,5402862,26-28 Regent Street Cambridge,CB2 1DB,Cambridge,,,A,avios,133
PizzaExpress,9427532320,5402904,5402904,105 High Street Huntingdon Cambridgeshire,PE29 3LB,Huntingdon,,,A,avios,133
PizzaExpress,9427588439,5402771,5402771,Forum Millenium Plain Norwich Norfolk,NR2 1TF,Norwich,,,A,avios,133
PizzaExpress,9421972621,5402789,5402789,CBM Bar Marzano (Norwich),,,,,A,avios,133
PizzaExpress,9428491435,5413125,5413125,32 Broad Street Alresford Hampshire,SO24 9AQ,Alresford,,,A,avios,133
PizzaExpress,9427502927,5410477,5410477,23-24 Market Place Chippenham Wiltshire,SN15 3HW,Chippenham,,,A,avios,133
PizzaExpress,9420672057,5403225,5403225,19 Creek Road East Molesey Surrey,KT8 9BE,East Molesey,,,A,avios,133
PizzaExpress,9427518774,5402805,5402805,The Addison Rooms Olympia Exhibition Centre Hammersmith Road London,W14 8UX,London,,,A,avios,133
PizzaExpress,9427590666,5410261,5410261,25-27 Chapel Street Peterfield Hampshire,GU32 3DY,Petersfield,,,A,avios,133
PizzaExpress,9427590674,5413182,5413182,30 High Street Poole Dorset,BH15 1BP,Poole,,,A,avios,133
PizzaExpress,9420492829,5414032,5414032,G38 The Lowry Designer Outlet Salford Quays Salford,M50 3AZ,Salford Quays,,,A,avios,133
PizzaExpress,9427518782,5402938,5402938,1 High Street St Martins Stamford Lincolnshire,PE9 2LE,Stamford,,,A,avios,133
PizzaExpress,9428491427,5413596,5413596,77 High Street Uckfield East Sussex,TN22 1AP,Uckfield,,,A,avios,133
PizzaExpress,9420492852,5413141,5413141,5 Market Square Alton Hampshire,GU34 1HD,Alton,,,A,avios,133
PizzaExpress,9420571127,5410121,5410121,Kettners,,,,,A,avios,133
PizzaExpress,9420651085,5403142,5403142,158 Fulham Palace Road London,W6 9ER,London,,,A,avios,133
PizzaExpress,9420651093,5413687,5413687,114-117 Southampton Row London,WC1B 5AA,London,,,A,avios,133
PizzaExpress,9420651101,5403019,5403019,26 Panton House Haymarket London,SW1Y 4EN,London,,,A,avios,133
PizzaExpress,9420424343,5403076,5403076,1 New Fetter Lane London,EC4A 1AN,London,,,A,avios,133
PizzaExpress,9428491633,5413869,5413869,54b The Oasis The Meadowhall Centre Sheffield Yorkshire,S9 1EP,Sheffield,,,A,avios,133
PizzaExpress,9428491666,5413729,5413729,1 Clerkenwell Road Clerkenwell London,EC1M 5PA,London,,,A,avios,133
PizzaExpress,9428491641,5412994,5412994,10 Station Approach Kew Richmond upon Thames,TW9 3QB,Kew,,,A,avios,133
PizzaExpress,9420424335,5403407,5403407,Waterview House 38 The Shore Leith Edinburgh,EH6 6QU,Edinbrugh,,,A,avios,133
PizzaExpress,9421823345,5413448,5413448,14 North Street Ashford Kent,TN24 8JR,Ashford,,,A,avios,133
PizzaExpress,9420672081,5413273,5413273,43 High Street Ely Cambridgeshire,CB7 4LF,Ely,,,A,avios,133
PizzaExpress,9421823311,5413802,5413802,14 Cavendish Arcade Buxton Derbyshire,SK17 6BQ,Buxton,,,A,avios,133
PizzaExpress,9421823303,5413380,5413380,131-133 Telegraph Road Heswall The Wirral,CH60 0AH,Heswall,,,A,avios,133
PizzaExpress,9421841719,5403647,5403647,25 Millbank London,SW1P 4QP,London,,,A,avios,133
PizzaExpress,9441743135,5415765,5415765,57 MacArthur Glen Outlet Centre Cheshire Oaks Merseyside,CH65 9JJ,Cheshire Oaks,,,A,avios,133
PizzaExpress,9427896071,5415633,5415633,1 Providence Corner 37 Pyle Street Newport Isle of Wight,PO30 1XB,Newport,,,A,avios,133
PizzaExpress,9427896063,5415625,5415625,28 Mermaid Quay Cardiff Bay Cardiff,CF10 5BZ,Cardiff,,,A,avios,133
PizzaExpress,9421841727,5403456,5403456,111 South Street St Andrews Fife,KY16 9UH ,St Andrews,,,A,avios,133
PizzaExpress,9421961418,5403431,5403431,Unit B Eastgate Centre Falcon Square Inverness,IV2 3PP,Inverness,,,A,avios,133
PizzaExpress,9421841651,5414081,5414081,551 Lisburn Road Belfast Northern Ireland,BT9 7GQ,Belfast,,,A,avios,133
PizzaExpress,9441743101,5415716,5415716,33-35 Jury Street Warwick Warwickshire,CV34 4EH,Warwick,,,A,avios,133
PizzaExpress,9421823394,5403134,5403134,4 Fulham Broadway Retail Centre London,SW6 1BW,London,,,A,avios,133
PizzaExpress,9421823337,5402631,5402631,5 The Rotunda Kingston upon Thames Surrey,KT1 1QJ,Kingston,,,A,avios,133
PizzaExpress,9426373171,5403118,5403118,Benbow House 24 New Globe Walk London,SE1 9DS,London,,,A,avios,133
PizzaExpress,9427367693,5410519,5410519,20 Broad Street Hereford,HR4 9AR,Hereford,,,A,avios,133
PizzaExpress,9441743119,5415740,5415740,Upper Mall East Bullring Shopping Centre Birmingham West Midlands,B5 4BF,Birmingham,,,A,avios,133
PizzaExpress,9426373205,5410634,5410634,12 St Mary Street Wallingford Oxfordshire,OX10 0EW,Wallingford,,,A,avios,133
PizzaExpress,9427559117,5415609,5415609,47 Bedford Hill Balham London,SW12 9EY,Balham,,,A,avios,133
PizzaExpress,9421990680,5410055,5410055,1 Byward Street London,EC3R 7QN,London,,,A,avios,133
PizzaExpress,9444133995,5415948,5415948,A3 Block Jubilee Street Brighton,BN1 1GE,Brighton,,,A,avios,133
PizzaExpress,9441743143,5415757,5415757,PE Leicester 2 - St Martins Sq,,,,,A,avios,133
PizzaExpress,9441676855,5415708,5415708,Unit A3 Riverside Hemel Hempstead Herfordshire,HP1 1BT,Hemel Hempstead,,,A,avios,133
PizzaExpress,9422841544,5413844,5413844,130 Bury New Road Prestwich Manchester,M25 0AA,Prestwich,,,A,avios,133
PizzaExpress,9441743127,5415724,5415724,72 Bridgford Road West Brigford Nottinghamshire,NG2 6AP,West Bridgford,,,A,avios,133
PizzaExpress,9444114532,5415823,5415823,142-144 Midsummer Arcade Milton Keynes Buckinghamshire,MK9 3BA,Milton Keynes,,,A,avios,133
PizzaExpress,9426373197,5413422,5413422,3 Victoria Buildings Grappenhall Road Stockton Heath Cheshire,WA4 2AG,Stockton Heath,,,A,avios,133
PizzaExpress,9421990813,5410212,5410212,Unit 4 Waterfront Brighton Marina Brighton,BN2 5WA,Brighton,,,A,avios,133
PizzaExpress,9423717230,5414057,5414057,111 Holyrood Road Edinburgh,EH8 8AU,Edinburgh,,,A,avios,133
PizzaExpress,9426973673,5413307,5413307,75 High Street Newmarket Suffolk,CB8 8NA,Newmarket,,,A,avios,133
PizzaExpress,9427542741,5415617,5415617,34-38 High Street Esher Surrey,KT10 9QY,Esher,,,A,avios,133
PizzaExpress,9442135182,5405303,5405303,9B Station Plaza Station Road Ilkley West Yorkshire,LS29 8HF,Ilkley,,,A,avios,133
PizzaExpress,9441661824,5415674,5415674,15 Soar at Intu Braehead Renfew Scotland,PA4 8XQ,Braehead,,,A,avios,133
PizzaExpress,9441169109,5415666,5415666,6 Oxford Castle Oxford,OX1 1AY,Oxford,,,A,avios,133
PizzaExpress,9444105662,5415815,5415815,Piccadilly Gardens Manchester,M1 1RG,Manchester,,,A,avios,133
PizzaExpress,9442138954,5415773,5415773,Unit R8a Trafford Centre Manchester,M17 8EQ,Manchester,,,A,avios,133
PizzaExpress,9444128912,5415864,5415864,6 The Teesside Retail Park Middlesbrough Rd Stockton on Tees Cleveland,TS17 7BW,Teesside,,,A,avios,133
PizzaExpress,9444079834,5415807,5415807,Condor House 5-10 St Pauls Churchyard London,EC4M 8AY,London,,,A,avios,133
PizzaExpress,9444073530,5415781,5415781,R11 Riverside Level Oracle Shopping Centre Reading Berkshire,RG1 2AG,Reading,,,A,avios,133
PizzaExpress,9444127039,5405337,5405337,1 Maritime House Discovery Quay Falmouth Cornwall,TR11 3QY,Falmouth,,,A,avios,133
PizzaExpress,9444120414,5415831,5415831,Unit 8 Entertainment Avenue The O2 London,SE10 0DY,North Greenwich,,,A,avios,133
PizzaExpress,9444536981,5443049,5443049,80 High Street Barnstaple Devon,EX31 1HX,Barnstaple,,,A,avios,133
PizzaExpress,9444050165,5409602,5409602,6 Wainwrights Yard Kendal Cumbria,LA9 4AP,Kendal,,,A,avios,133
PizzaExpress,9444120059,5415856,5415856,1/3 College Street Cathedral Plaza Worcester,WR1 2LU,Worcester,,,A,avios,133
PizzaExpress,9444769681,5730528,5730528,Caberstone House 47 Belmont Street Aberdeen,AB10 1JS,Aberdeen,,,A,avios,133
PizzaExpress,9444769632,5730536,5730536,Pavilion Building 16 Monarch Quay Kings Waterfront Liverpool,L3 4FP,Liverpool,,,A,avios,133
PizzaExpress,9444915862,5863337,5863337,8 Russia Row London,EC2V 8BL,London,,,A,avios,133
PizzaExpress,9444145692,5393889,5393889,Level 3 West Mall Intu Centre Derby Derbyshire,DE1 2PP,Derby,,,A,avios,133
PizzaExpress,9444515837,5443015,5443015,8 Cathedral Square Peterborough,PE1 1XH,Peterborough,,,A,avios,133
PizzaExpress,9444515845,5443007,5443007,PE Stevenage,,,,,A,avios,133
PizzaExpress,9444532758,5443023,5443023,36 Monnow Street Monmouth,NP25 3EN,Monmouth,,,A,avios,133
PizzaExpress,9444528855,5443031,5443031,141 High Street Northallerton North Yorkshire,DL7 8PE,Northallerton,,,A,avios,133
PizzaExpress,9445166317,5939335,5939335,Unit 1 Block H Clarence Dock Leeds Yorkshire,LS10 1LU,Leeds,,,A,avios,133
PizzaExpress,9444915854,5863329,5863329,200 Fleet Road Fleet Hampshire,GU51 4BY,Fleet,,,A,avios,133
PizzaExpress,9448085217,6122345,6122345,92 Osbourne Road Jesmond Newcastle upon Tyne,NE2 2TD,Newcastle,,,A,avios,133
PizzaExpress,9444758205,5682844,5682844,42 Market Place Devizes Wiltshire,SN10 1HT,Devizes,,,A,avios,133
PizzaExpress,9444901698,5802798,5802798,Unit 1 Building 8 Harbourside Bristol,BS1 5TY,Bristol,,,A,avios,133
PizzaExpress,9444769657,5730486,5730486,Unit 1 The Exchange St Johns Street Chester,CH1 1DA,Chester,,,A,avios,133
PizzaExpress,9444769665,5730544,5730544,4-6 Ewell Road Cheam Surrey,SM3 8BU,Cheam,,,A,avios,133
PizzaExpress,9444904809,5819263,5819263,11 North Street Midhurst Sussex,GU29 9DH,Midhurst,,,A,avios,133
PizzaExpress,9444769624,5730502,5730502,York Designer Outlet St Nicholas Avenue Fulford York,YO19 4TA,York,,,A,avios,133
PizzaExpress,9444892590,5767827,5767827,Colles Hall Burton Street Melton Mowbray Leicestershire,LE13 1AE,Melton Mowbray,,,A,avios,133
PizzaExpress,9443069984,6314199,6314199,Units 3-4 Belgrade Plaza Coventry,CV1 4BF ,Coventry,,,A,avios,133
PizzaExpress,9444915904,5863303,5863303,Unit 3126 Westfield London Shopping Centre Ariel Way White City London,W12 7GF,White City,,,A,avios,133
PizzaExpress,9445166309,5939343,5939343,10 St Sampsons Square York,YO1 8RN,York,,,A,avios,133
PizzaExpress,9444915888,5863311,5863311,Unit B12 Eagles Meadow Shopping Centre Wrexham,LL13 8DG,Wrexham,,,A,avios,133
PizzaExpress,9443069976,6314207,6314207,Unit KUG07 St Davids 2 Cardiff,CF10 2EF,Cardiff,,,A,avios,133
PizzaExpress,9444769673,5730494,5730494,The Mailbox 124-126 Wharfside Street Salvage Wharf Birmingham,B1 1XL,Birmingham,,,A,avios,133
PizzaExpress,9445581218,6349690,6349690,215-217 Great Portland Street London,W1W 5PN,London,,,A,avios,133
PizzaExpress,9445158454,5911789,5911789,25 High Street Bromsgrove Worcestershire,B61 8AJ,Bromsgrove,,,A,avios,133
PizzaExpress,9444915847,5863345,5863345,Unit 14 The Cambria 13 Regatta Quay Key Street Ipswich,IP4 1FH,Ipswich,,,A,avios,133
PizzaExpress,9445159940,5911771,5911771,Unit TFC6 Victoria Square Belfast Northern Ireland,BT1 4QG,Belfast,,,A,avios,133
PizzaExpress,9445668338,6372445,6372445,Unit 108A Gloucester Quays Gloucester,GL1 5SH,Gloucester,,,A,avios,133
PizzaExpress,9448072041,6052526,6052526,Unit 122 Yellow Quadrant MetroCentre Gateshead Tyne and Wear,NE11 9XZ,Gateshead,,,A,avios,133
PizzaExpress,9445166358,5939319,5939319,Unit 11 Xscape Castleford West Yorkshire,WF10 4TA,Castleford,,,A,avios,133
PizzaExpress,9448085209,6122352,6122352,Unit 2 20-22 Anyards Road Cobham Surrey,KT11 2JZ,Cobham,,,A,avios,133
PizzaExpress,9448073031,6058960,6058960,423/424 Lakeside Shopping Centre West Thurrock Way Grays Essex - Lakeside Shopping Centre,RM20 2ZP,Grays,,,A,avios,133
PizzaExpress,9445555139,6155956,6155956,Rocklands Cliffe Road Newquay Cornwall,TR7 2NE,Newquay,,,A,avios,133
PizzaExpress,9445414279,6171466,6171466,1 Victoria Terrace George IV Bridge Edinburgh,EH1 2JL,Edinburgh,,,A,avios,133
PizzaExpress,9448073049,6058952,6058952,109 Poole Road Westbourne Bournemouth Dorset,BH4 9BB,Westbourne,,,A,avios,133
PizzaExpress,9443075510,6308100,6308100,The Food Court Lower Mall Merry Hill Brierley Hill Dudley West Midlands,DY5 1QX,Dudley,,,A,avios,133
PizzaExpress,9445581226,6349708,6349708,45 Upper Jubilee Walk Touchwood Solihull West Midlands,B91 3QW,Solihull,,,A,avios,133
PizzaExpress,9445884869,6581003,6581003,Unit 15 St Catherines Walk Carmarthen Wales,SA31 1GA,Carmarthen,,,A,avios,133
PizzaExpress,9442578134,1103368,1103368,Unit A3C Leisure / North Quarter Edinburgh Fort / Fort Kinnaird Edinburgh ,EH15 3RD,Fort,,,A,avios,133
PizzaExpress,9445909476,6689046,6689046,Unit F23 1 Rock Place Bury Greater Manchester,BL9 0JX,Bury,,,A,avios,133
PizzaExpress,9445682883,6429625,6429625,21-23 High Street Rochester Kent,ME1 1LN,Rochester,,,A,avios,133
PizzaExpress,9445887862,6528830,6528830,Unit 2 Carnival Close Festival Leisure Park Basildon Essex,SS14 3WD,Basildon,,,A,avios,133
PizzaExpress,9446013963,6782049,6782049,136-140 Herne Hill London,SE24 9QH,Herne Hill,,,A,avios,133
PizzaExpress,9446013955,6782031,6782031,Unit 9-10 Arndale Centre Headingley Leeds Yorkshire,LS6 2UJ,Leeds,,,A,avios,133
PizzaExpress,9421944679,1033799,1033799,45-47 Packhorse Road Gerrards Cross Bucks,SL9 8PE,Gerrards Cross,,,A,avios,133
PizzaExpress,9446845117,7139314,7139314,The Wharf Road Elevation 35/37 Fore Street St Ives Cornwall,TR26 1HE,St Ives,,,A,avios,133
PizzaExpress,9445895360,6593222,6593222,15-16 St Marys Place Market Harborough Leicestershire,LE16 7DR,Market Harborough,,,A,avios,133
PizzaExpress,9445887854,6528848,6528848,Unit 4 Xscape Milton Keynes Buckinghamshire,MK9 3XS,Milton Keynes,,,A,avios,133
PizzaExpress,9446007320,6774749,6774749,8 Southgate Place Southgate Centre Bath Avon,BA1 1AP,Bath,,,A,avios,133
PizzaExpress,9446845125,7139322,7139322,The Old Post Office Post Office Road Bournemouth,BH1 1BB,Bournemouth,,,A,avios,133
PizzaExpress,9420031395,8870826,8870826,6 Market Square Witney Oxfordshire,OX28 6BB,Witney,,,A,avios,133
PizzaExpress,9446025546,6959274,6959274,Unit B St James Building 61-95 Oxford St Manchester,M1 6FQ,Manchester,,,A,avios,133
PizzaExpress,9447167644,7593429,7593429,Unit 3 483 Ecclesall Road Sheffield Yorkshire,S11 8PR,Sheffield,,,A,avios,133
PizzaExpress,9446856643,7170715,7170715,Unit S1 Brent Cross Shopping Centre Prince Charles Drive Hendon London,NW4 3FP,Brent Cross,,,A,avios,133
PizzaExpress,9446854267,7170681,7170681,10B Valley Centertainment Broughton Lane Sheffield Yorkshire,S9 2EP,Sheffield,,,A,avios,133
PizzaExpress,9446029076,6937114,6937114,32 Woodford Road Bramhall Stockport Cheshire,SK7 1PA,Bramhall,,,A,avios,133
PizzaExpress,9447047135,7425788,7425788,+//0Awv/9AKA-86-94 Church Street Blackpool Lancashire,+//0Awv/9AKA-FY1 1HP,Blackpool,,,A,avios,133
PizzaExpress,9446025553,6959266,6959266,Unit R9 Lower Ground Festival Place Basingstoke Hampshire,RG21 7BB,Basingstoke,,,A,avios,133
PizzaExpress,9446025892,6965222,6965222,Unit P1 13b Paradise Street Liverpool One Liverpool,L1 8JQ,Liverpool,,,A,avios,133
PizzaExpress,9446838427,7006133,7006133,7 St Georges Way Eldon Square Shopping Centre Newcastle upon Tyne,NE1 7JD,Newcastle,,,A,avios,133
PizzaExpress,9447027905,7274384,7274384,Unit B Central Parade St Marks Hill Surbiton,KT6 4PJ,Surbiton,,,A,avios,133
PizzaExpress,9428454888,1063107,1063107,Unit A9 High Street Skipton,BD231DG,Skipton,,,A,avios,133
PizzaExpress,9446837882,7078454,7078454,20-21 The Boardwalk Port Solent Portsmouth Hampshire,PO6 4TP,Portsmouth,,,A,avios,133
PizzaExpress,9447027095,7303688,7303688,4 Albion Place Leeds Yorkshire,LS1 6JL,Leeds,,,A,avios,133
PizzaExpress,9447031071,7317696,7317696,Unit 2 The Barbican Leisure Centre 16 Barbican Approach Plymouth Devon,PL4 0LG,Plymouth,,,A,avios,133
PizzaExpress,9446856635,7170707,7170707,5 Fenchurch Place Fenchurch Street London,EC3M 4AJ,London,,,A,avios,133
PizzaExpress,9447027103,7303670,7303670,Unit CU6 Princes Quay Shopping Centre Hull,HU1 2PQ,Hull,,,A,avios,133
PizzaExpress,9447162173,7494842,7494842,Unit LR05 Mezzanine Level Westfield Centre Stratford,E20 1ET,Stratford,,,A,avios,133
PizzaExpress,9440600658,8262701,8262701,1 Nile Grove Hermitage Terrace Morningside Edinburgh,EH10 4RE,Edinburgh,,,A,avios,133
PizzaExpress,9447027897,7271513,7271513,Unit G30 Trinity Walk Shopping Centre Union Street Wakefield,WF1 3AE,Wakefield,,,A,avios,133
PizzaExpress,9447031089,7317654,7317654,Unit A Tower Park Poole Dorset,BH12 4NY,Poole,,,A,avios,133
PizzaExpress,9420007486,1007729,1007729,8 Westgate Aldershot Hampshire,GU11 1WF,Aldershot,,,A,avios,133
PizzaExpress,9447167255,7546567,7546567,2a 2nd Floor Ocean Terminal Shopping Centre Edinburgh,EH6 6JJ,Edinburgh,,,A,avios,133
PizzaExpress,9447177726,7693518,7693518,Unit 85-86 The Designer Outlet Centre Kimberly Way Ashford Kent,TN24 0SD,Ashford,,,A,avios,133
PizzaExpress,9447453408,8063364,8063364,Units 10-12 Princes Square Glasgow,G1 3JN,Glasgow,,,A,avios,133
PizzaExpress,9447443102,7850118,7850118,The Old Warehouse 1 Albert Street Kent,CT5 1HP,Whitstable,,,A,avios,133
PizzaExpress,9447177734,7710411,7710411,48 George Street Croydon,CR0 1PD,Croydon,,,A,avios,133
PizzaExpress,9440947885,1091808,1091808,94 High Street  Street,BA16 0EN,Street,,,A,avios,133
PizzaExpress,9420728818,1015910,1015910,25 Weymouth Avenue Dorchester Dorset,DT1 1QR,Dorchester,,,A,avios,133
PizzaExpress,9420039356,1000029,1000029,Unit M Junction 27 Retail Park Gelderd Road,WF17 9AD,Leeds,,,A,avios,133
PizzaExpress,9440609006,8776403,8776403,Unit 8 Broad Street Plaza Halifax West Yorkshire,HX1 1YA,Halifax,,,A,avios,133
PizzaExpress,9447468976,8296030,8296030,73 High Street Christchurch,BH23 1AS,Christchurch,,,A,avios,133
PizzaExpress,9421941501,1029507,1029507,PE Glasgow 5 - Fort,,,,,A,avios,133
PizzaExpress,9440600153,8220261,8220261,1B Giltbrook Retail Park Ikea Way Giltbrook Nottingham,NG16 2RP,Nottingham,,,A,avios,133
PizzaExpress,9447441528,7798226,7798226,4-6 Town Street Horsforth,LS18 4RJ,Horsforth,,,A,avios,133
PizzaExpress,9420917445,1044952,1044952,Unit 99 (W07) London Designer Outlet Wembley,HA90FD,Wembley,,,A,avios,133
PizzaExpress,9447443094,7850092,7850092,SU44-45 Priory Meadow Shopping Centre Hastings East Sussex,TN34 1PH,Hastings,,,A,avios,133
PizzaExpress,9440603413,8402596,8402596,Unit 1 St Pauls Place Sheffield,S1 2PT,Sheffield,,,A,avios,133
PizzaExpress,9447452608,7975030,7975030,18 Bath House Lane Leicester,LE1 4SA,Leicester,,,A,avios,133
PizzaExpress,9449524248,7000392,7000392,161 High Street New Malden Surrey ,KT3 4BH,New Malden,,,A,avios,133
PizzaExpress,9420917403,1044050,1044050,13 and 5 Thistle Centre Murray Place Stirling,FK8 2BX,Stirling,,,A,avios,133
PizzaExpress,9429429160,1078865,1078865,Unit 16 Southwater Square Southwater Way Telford,TF3 4JG,Telford,,,A,avios,133
PizzaExpress,9440767804,1083125,1083125,Unit 3 Ventura Court Bitterscote Drive Tamworth,B78 3HB,Tamworth,,,A,avios,133
PizzaExpress,9440620334,8865867,8865867,Unit R5 West Quay Southampton,SO15 1QA,Southampton,,,A,avios,133
PizzaExpress,9447460510,8166258,8166258,3 London Street Chertsey,KT16 8AP,Chertsey,,,A,avios,133
PizzaExpress,9440607521,8588998,8588998,23-24 High Street Rugby,CV21 3BG,Rugby,,,A,avios,133
PizzaExpress,9428594014,1061279,1061279,Unit 20 Newport Retail Park Spytty Road Newport Wales,NP19 4QQ,Newport,,,A,avios,133
PizzaExpress,9429072945,1071202,1071202,Unit 1 St Neots Leisure Park ST Neots Cambs,PE19 1BG,St Neots,,,A,avios,133
PizzaExpress,9441201811,1097560,1097560,208-212 High St Epping,CM16 4AQ,Epping,,,A,avios,133
PizzaExpress,9440619427,8811002,8811002,The Old Fire Station Market Square Leighton Buzzard,LU7 1EU,Leighton Buzzard,,,A,avios,133
PizzaExpress,9440619419,8811010,8811010,Whiteleys Shopping Centre151 Queensway London,W2 4SB,London,,,A,avios,133
PizzaExpress,9440620052,8859407,8859407,1st Floor St Georges Centre Harrow Middlesex,HA1 1HS,Harrow,,,A,avios,133
PizzaExpress,9440628444,8887887,8887887,37 Market Hill Sudbury,CO10 2EN,Sudbury,,,A,avios,133
PizzaExpress,9420043531,1004034,1004034,68 High Street Lymington Hampshire,SO41 9AL,Lymington,,,A,avios,133
PizzaExpress,9420732398,1014914,1014914,Unit 14 The George Shopping Center Town Center Grantham,NG31 6LH,Grantham,,,A,avios,133
PizzaExpress,9420080426,1010499,1010499,36 High Street Biggleswade,SG18 0JL,Biggleswade,,,A,avios,133
PizzaExpress,9421939083,1035701,1035701,Unit R2 The Eden Centre Denmark St High Wycombe Bucks,HP11 2DB,High Wycombe,,,A,avios,133
PizzaExpress,9421939109,1035171,1035171,1 The Water Gardens Harlow Essex,CM20 1AN,Harlow,,,A,avios,133
PizzaExpress,9448861278,2202691,2202691,Unit 20 Broughton+//0Awv/9AKA-Retail Park Chester,CH4 0DE,Broughton Park,,,A,avios,133
PizzaExpress,9420917429,1044051,1044051,Units 65/65a The Galleria Hatfield,AL10 0XR,Hatfield,,,A,avios,133
PizzaExpress,9423435445,1048918,1048918,Unit 13b The Venue Merlin Road Cribbs Causeway Bristol,BS10 7SR,Bristol,,,A,avios,133
PizzaExpress,9440878783,1090906,1090906,Unit 144 Swindon Designer Outlet Train Street Swindon,SN2 2DY,Swindon,,,A,avios,133
PizzaExpress,9428669758,1067820,1067820,8 Marine Point Kings Parade New Brighton,CH45 2PB,New Brighton,,,A,avios,133
PizzaExpress,9441329554,1100730,1100730,Vue Cinema Extension Dome Leisure Point Doncaster ,DN4 7NW,Doncaster,,,A,avios,133
PizzaExpress,9421944307,1032857,1032857,246 Uxbridge Rd Middlesex ,HA5 4HS,Hatch End,,,A,avios,133
PizzaExpress,9441329570,1100727,1100727,Unit 5 MK1 Leisure Park Stadium MK Milton Keynes,MK1 1ST,Milton Keynes,,,A,avios,133
PizzaExpress,9442891008,3000000,3000000,Restaurant 2 Winter Gardens - Phase 3 Silverburn Shopping Centre Glasgow,G53 6AF,Silverburn,,,A,avios,133
PizzaExpress,9429416043,1078867,1078867,Unit 2 Parkgate Shopping Centre Stratford Road Shirley,B90 3GG,Shirley,,,A,avios,133
PizzaExpress,9449945534,4017975,4017975,Unit 1 Baxter Gate Loughborough ,LE11 1TH,Loughborough,,,A,avios,133
PizzaExpress,9429429012,1077691,1077691,Unit FS13 First Level Mall Union Square Guild Street Aberdeen,AB11 5RG,Aberdeen,,,A,avios,133
PizzaExpress,9440767895,1078607,1078607,Ground Floor and Basement 84-86 King Street Manchester,M2 4WQ,Manchester,,,A,avios,133
PizzaExpress,9429416092,1078868,1078868,The Old Bank 253 Lord Street Southport,PR8 1NY,Southport,,,A,avios,133
PizzaExpress,9429424351,1078866,1078866,88-90 Commercial street London,E1 6LY,London,,,A,avios,133
PizzaExpress,9447452020,1092375,1092375,63 High Street Billericay,CM12 9AX,Billericay,,,A,avios,133
PizzaExpress,9441329588,1100728,1100728,Unit SU65-66 Cabot Circus Bristol,BS1 3BQ,Bristol,,,A,avios,133
PizzaExpress,9449742162,4013317,4013317,Unit F3 Whiteley Shopping Centre Fareham,PO15 7PD,Whiteley Village,,,A,avios,133
PizzaExpress,9600540264,6008554,6008554,Restaurant Unit 1 Dalton Park Murton County Durham,SR7 9HU,Dalton Park,,,A,avios,133
PizzaExpress,9449478015,3009568,3009568,11-12 Sandside Scarborough North Yorkshire,YO11 1PE,Scarborough,,,A,avios,133
PizzaExpress,9442571907,1101162,1101162,265 High Street Walthamstow London,E17 7FD,Walthamstow,,,A,avios,133
PizzaExpress,9449531565,8001065,8001065,Unit FB LG-03 Resorts World Pendigo Way Birmingham,B40 1PU,Birmingham Resorts World,,,A,avios,133
PizzaExpress,9449706258,4012801,4012801,3 Tony Wilson Place First Street Manchester,M15 4FN,Manchester,,,A,avios,133
PizzaExpress,9442953519,2202692,2202692,43 Charing Cross Road London,WC2H 0AP,Leicester Square,,,A,avios,133
PizzaExpress,9449283373,3007091,3007091,The Hub Off Avebury/Midsomer Boulevard Milton Keynes,MK9 2HP,Milton Keynes,,,A,avios,133
PizzaExpress,9449283381,3007090,3007090,East Midlands Designer OutletMansfield RdSouth Normanton Derbyshire,DE55 2JW,East Midlands Park,,,A,avios,133
PizzaExpress,9449859313,6003251,6003251,Unit 5 Walsall Waterfront Wolverhampton Street Walsall,WS2 8DH,Walsall,,,A,avios,133
PizzaExpress,9449285527,2213425,2213425,Ground Floor Block A Trinity Square 127 Brighton Road Coulsdon,CR5 2NJ,Coulsdon,,,A,avios,133
PizzaExpress,9448861286,2202693,2202693,Unit 2 Valley Leisure Park Hesterman Way Croydon,CR0 4YA,Croydon - Valley Park,,,A,avios,133
PizzaExpress,9448861260,2202692,2202692,Unit 7B O2 Centre Finchley Road London,NW3 6LU,O2 Finchley,,,A,avios,133
PizzaExpress,9449859586,6003250,6003250,91 High Street Rayleigh Essex,SS6 7EJ,Rayleigh,,,A,avios,133
PizzaExpress,9449742022,4013319,4013319,12 Castle Street Ludlow. Shropshire,SY8 1AT,Ludlow,,,A,avios,133
PizzaExpress,9449743020,4013318,4013318,Unit 3 The Hive Intu Potteries Shopping Centre Bryan Street Stoke-On-Trent ,ST1 5BN,Stoke,,,A,avios,133
PizzaExpress,9449524255,7000393,7000393,Unit 35 and 37 3 Merchant Square London,W2 1BF,Paddington,,,A,avios,133
PizzaExpress,9449742253,4013315,4013315,227 Byres Road Glasgow. ,G12 8UD,Glasgow,,,A,avios,133
PizzaExpress,9600025456,7003617,7003617,38B Hope St Liverpool,L1 9DA,Liverpool,,,A,avios,133
PizzaExpress,9449859578,6003249,6003249,Units 102-103 Upper Level White Rose Shopping Centre Leeds. ,LS11 8LU,Leeds,,,A,avios,133
PizzaExpress,9449495555,7003618,7003618,PizzaExpress2 High Street Andover ,SP10 1NX,Andover,,,A,avios,133
PizzaExpress,9449945583,4017977,4017977,93a Alcester Road Moseley,B13 8DD,Moseley,,,A,avios,133
PizzaExpress,9449945575,4017973,4017973,6 St Anne+//0A4v/9AID//QCZ-s Square Belfast,BT1 2LR,Belfast,,,A,avios,133
PizzaExpress,9449945583,4017974,4017974,Unit 1 376-378 Upper Newtownards Road Ballyhackamore. Belfast,BT4 3FB,Belfast,,,A,avios,133
PizzaExpress,N/A,5415872,5415872,59 Halket Place St Helier Jersey,JE2 4WG,Jersey,,,A,avios,133
PizzaExpress,N/A,5415880,5415880,La Route de la Bale St Brelade Bay Jersey,JE3 8EA,Jersey,,,A,avios,133
